geo_key,upazila,district,division
603602,AJMIRIGANJ,HABIGANJ,SYLHET
603605,BAHUBAL,HABIGANJ,SYLHET
603611,BANIACHONG,HABIGANJ,SYLHET
603626,CHUNARUGHAT,HABIGANJ,SYLHET
603644,HABIGANJ SADAR,HABIGANJ,SYLHET
603668,LAKHAI,HABIGANJ,SYLHET
603671,MADHABPUR,HABIGANJ,SYLHET
603677,NABIGANJ,HABIGANJ,SYLHET
605814,BARLEKHA,MAULVIBAZAR,SYLHET
605835,JURI,MAULVIBAZAR,SYLHET
605856,KAMALGANJ,MAULVIBAZAR,SYLHET
605865,KULAURA,MAULVIBAZAR,SYLHET
605874,MAULVIBAZAR SADAR,MAULVIBAZAR,SYLHET
605880,RAJNAGAR,MAULVIBAZAR,SYLHET
605883,SREEMANGAL,MAULVIBAZAR,SYLHET
609018,BISHWAMBARPUR,SUNAMGANJ,SYLHET
609023,CHHATAK,SUNAMGANJ,SYLHET
609027,DAKSHIN SUNAMGANJ,SUNAMGANJ,SYLHET
609029,DERAI,SUNAMGANJ,SYLHET
609032,DHARAMPASHA,SUNAMGANJ,SYLHET
609033,DOWARABAZAR,SUNAMGANJ,SYLHET
609047,JAGANNATHPUR,SUNAMGANJ,SYLHET
609050,JAMALGANJ,SUNAMGANJ,SYLHET
609086,SULLA,SUNAMGANJ,SYLHET
609089,SUNAMGANJ SADAR,SUNAMGANJ,SYLHET
609092,TAHIRPUR,SUNAMGANJ,SYLHET
609108,BALAGANJ,SYLHET,SYLHET
609117,BEANI BAZAR,SYLHET,SYLHET
609120,BISHWANATH,SYLHET,SYLHET
609127,COMPANIGANJ,SYLHET,SYLHET
609131,DAKSHIN SURMA,SYLHET,SYLHET
609135,FENCHUGANJ,SYLHET,SYLHET
609138,GOLAPGANJ,SYLHET,SYLHET
609141,GOWAINGHAT,SYLHET,SYLHET
609153,JAINTIAPUR,SYLHET,SYLHET
609159,KANAIGHAT,SYLHET,SYLHET
609162,SYLHET SADAR,SYLHET,SYLHET
609194,ZAKIGANJ,SYLHET,SYLHET
552710,BIRAMPUR,DINAJPUR,RANGPUR
552712,BIRGANJ,DINAJPUR,RANGPUR
552717,BIRAL,DINAJPUR,RANGPUR
552721,BOCHAGANJ,DINAJPUR,RANGPUR
552730,CHIRIRBANDAR,DINAJPUR,RANGPUR
552738,FULBARI,DINAJPUR,RANGPUR
552743,GHORAGHAT,DINAJPUR,RANGPUR
552747,HAKIMPUR,DINAJPUR,RANGPUR
552756,KAHAROLE,DINAJPUR,RANGPUR
552760,KHANSAMA,DINAJPUR,RANGPUR
552764,DINAJPUR SADAR,DINAJPUR,RANGPUR
552769,NAWABGANJ,DINAJPUR,RANGPUR
552777,PARBATIPUR,DINAJPUR,RANGPUR
553221,FULCHHARI,GAIBANDHA,RANGPUR
553224,GAIBANDHA SADAR,GAIBANDHA,RANGPUR
553230,GOBINDAGANJ,GAIBANDHA,RANGPUR
553267,PALASHBARI,GAIBANDHA,RANGPUR
553282,SADULLAPUR,GAIBANDHA,RANGPUR
553288,SAGHATA,GAIBANDHA,RANGPUR
553291,SUNDARGANJ,GAIBANDHA,RANGPUR
554906,BHURUNGAMARI,KURIGRAM,RANGPUR
554908,CHAR RAJIBPUR,KURIGRAM,RANGPUR
554909,CHILMARI,KURIGRAM,RANGPUR
554918,PHULBARI,KURIGRAM,RANGPUR
554952,KURIGRAM SADAR,KURIGRAM,RANGPUR
554961,NAGESHWARI,KURIGRAM,RANGPUR
554977,RAJARHAT,KURIGRAM,RANGPUR
554979,RAUMARI,KURIGRAM,RANGPUR
554994,ULIPUR,KURIGRAM,RANGPUR
555202,ADITMARI,LALMONIRHAT,RANGPUR
555233,HATIBANDHA,LALMONIRHAT,RANGPUR
555239,KALIGANJ,LALMONIRHAT,RANGPUR
555255,LALMONIRHAT SADAR,LALMONIRHAT,RANGPUR
555270,PATGRAM,LALMONIRHAT,RANGPUR
557312,DIMLA,NILPHAMARI,RANGPUR
557315,DOMAR UPAZILA,NILPHAMARI,RANGPUR
557336,JALDHAKA,NILPHAMARI,RANGPUR
557345,KISHOREGANJ,NILPHAMARI,RANGPUR
557364,NILPHAMARI SADAR,NILPHAMARI,RANGPUR
557385,SAIDPUR UPAZILA,NILPHAMARI,RANGPUR
557704,ATWARI,PANCHAGARH,RANGPUR
557725,BODA,PANCHAGARH,RANGPUR
557734,DEBIGANJ,PANCHAGARH,RANGPUR
557773,PANCHAGARH SADAR,PANCHAGARH,RANGPUR
557790,TENTULIA,PANCHAGARH,RANGPUR
558503,BADARGANJ,RANGPUR,RANGPUR
558527,GANGACHARA,RANGPUR,RANGPUR
558542,KAUNIA,RANGPUR,RANGPUR
558549,RANGPUR SADAR,RANGPUR,RANGPUR
558558,MITHA PUKUR,RANGPUR,RANGPUR
558573,PIRGACHHA,RANGPUR,RANGPUR
558576,PIRGANJ,RANGPUR,RANGPUR
558592,TARAGANJ,RANGPUR,RANGPUR
559408,BALIADANGI,THAKURGAON,RANGPUR
559451,HARIPUR,THAKURGAON,RANGPUR
559482,PIRGANJ,THAKURGAON,RANGPUR
559486,RANISANKAIL,THAKURGAON,RANGPUR
559494,THAKURGAON SADAR,THAKURGAON,RANGPUR
501006,ADAMDIGHI,BOGRA,RAJSHAHI
501020,BOGRA SADAR,BOGRA,RAJSHAHI
501027,DHUNAT,BOGRA,RAJSHAHI
501033,DHUPCHANCHIA,BOGRA,RAJSHAHI
501040,GABTALI,BOGRA,RAJSHAHI
501054,KAHALOO,BOGRA,RAJSHAHI
501067,NANDIGRAM,BOGRA,RAJSHAHI
501081,SARIAKANDI,BOGRA,RAJSHAHI
501085,SHAJAHANPUR,BOGRA,RAJSHAHI
501088,SHERPUR,BOGRA,RAJSHAHI
501094,SHIBGANJ,BOGRA,RAJSHAHI
501095,SONATOLA,BOGRA,RAJSHAHI
503813,AKKELPUR,JOYPURHAT,RAJSHAHI
503847,JOYPURHAT SADAR,JOYPURHAT,RAJSHAHI
503858,KALAI,JOYPURHAT,RAJSHAHI
503861,KHETLAL,JOYPURHAT,RAJSHAHI
503874,PANCHBIBI,JOYPURHAT,RAJSHAHI
506403,ATRAI,NAOGAON,RAJSHAHI
506406,BADALGACHHI,NAOGAON,RAJSHAHI
506428,DHAMOIRHAT,NAOGAON,RAJSHAHI
506447,MANDA,NAOGAON,RAJSHAHI
506450,MAHADEBPUR,NAOGAON,RAJSHAHI
506460,NAOGAON SADAR,NAOGAON,RAJSHAHI
506469,NIAMATPUR,NAOGAON,RAJSHAHI
506475,PATNITALA,NAOGAON,RAJSHAHI
506479,PORSHA,NAOGAON,RAJSHAHI
506485,RANINAGAR,NAOGAON,RAJSHAHI
506486,SAPAHAR,NAOGAON,RAJSHAHI
506909,BAGATIPARA,NATORE,RAJSHAHI
506915,BARAIGRAM,NATORE,RAJSHAHI
506941,GURUDASPUR,NATORE,RAJSHAHI
506944,LALPUR,NATORE,RAJSHAHI
506955,NALDANGA,NATORE,RAJSHAHI
506963,NATORE SADAR,NATORE,RAJSHAHI
506991,SINGRA,NATORE,RAJSHAHI
507018,BHOLAHAT,CHAPAI NABABGANJ,RAJSHAHI
507037,GOMASTAPUR,CHAPAI NABABGANJ,RAJSHAHI
507056,NACHOLE,CHAPAI NABABGANJ,RAJSHAHI
507066,CHAPAI NABABGANJ SADAR,CHAPAI NABABGANJ,RAJSHAHI
507088,SHIBGANJ,CHAPAI NABABGANJ,RAJSHAHI
507605,ATGHARIA,PABNA,RAJSHAHI
507616,BERA,PABNA,RAJSHAHI
507619,BHANGURA,PABNA,RAJSHAHI
507622,CHATMOHAR,PABNA,RAJSHAHI
507633,FARIDPUR,PABNA,RAJSHAHI
507639,ISHWARDI,PABNA,RAJSHAHI
507655,PABNA SADAR,PABNA,RAJSHAHI
507672,SANTHIA,PABNA,RAJSHAHI
507683,SUJANAGAR,PABNA,RAJSHAHI
508110,BAGHA,RAJSHAHI,RAJSHAHI
508112,BAGHMARA,RAJSHAHI,RAJSHAHI
508122,BOALIA,RAJSHAHI,RAJSHAHI
508125,CHARGHAT,RAJSHAHI,RAJSHAHI
508131,DURGAPUR,RAJSHAHI,RAJSHAHI
508134,GODAGARI,RAJSHAHI,RAJSHAHI
508140,MATIHAR,RAJSHAHI,RAJSHAHI
508153,MOHANPUR,RAJSHAHI,RAJSHAHI
508172,PABA,RAJSHAHI,RAJSHAHI
508182,PUTHIA,RAJSHAHI,RAJSHAHI
508185,RAJPARA,RAJSHAHI,RAJSHAHI
508190,SHAH MAKHDUM,RAJSHAHI,RAJSHAHI
508194,TANORE,RAJSHAHI,RAJSHAHI
508811,BELKUCHI,SIRAJGANJ,RAJSHAHI
508827,CHAUHALI,SIRAJGANJ,RAJSHAHI
508844,KAMARKHANDA,SIRAJGANJ,RAJSHAHI
508850,KAZIPUR,SIRAJGANJ,RAJSHAHI
508861,ROYGANJ,SIRAJGANJ,RAJSHAHI
508867,SHAHJADPUR,SIRAJGANJ,RAJSHAHI
508878,SIRAJGANJ SADAR,SIRAJGANJ,RAJSHAHI
508889,TARASH,SIRAJGANJ,RAJSHAHI
508894,ULLAH PARA,SIRAJGANJ,RAJSHAHI
400108,BAGERHAT SADAR,BAGERHAT,KHULNA
400114,CHITALMARI,BAGERHAT,KHULNA
400134,FAKIRHAT,BAGERHAT,KHULNA
400138,KACHUA,BAGERHAT,KHULNA
400156,MOLLAHAT,BAGERHAT,KHULNA
400158,MONGLA,BAGERHAT,KHULNA
400160,MORRELGANJ,BAGERHAT,KHULNA
400173,RAMPAL,BAGERHAT,KHULNA
400177,SARANKHOLA,BAGERHAT,KHULNA
401807,ALAMDANGA,CHUADANGA,KHULNA
401823,CHUADANGA SADAR,CHUADANGA,KHULNA
401831,DAMURHUDA,CHUADANGA,KHULNA
401855,JIBAN NAGAR,CHUADANGA,KHULNA
404104,ABHAYNAGAR,JESSORE,KHULNA
404109,BAGHER PARA,JESSORE,KHULNA
404111,CHAUGACHHA,JESSORE,KHULNA
404123,JHIKARGACHHA,JESSORE,KHULNA
404138,KESHABPUR,JESSORE,KHULNA
404147,JESSORE SADAR,JESSORE,KHULNA
404161,MANIRAMPUR,JESSORE,KHULNA
404190,SHARSHA,JESSORE,KHULNA
404414,HARINAKUNDA,JHENAIDAH,KHULNA
404419,JHENAIDAH SADAR,JHENAIDAH,KHULNA
404433,KALIGANJ,JHENAIDAH,KHULNA
404442,KOTCHANDPUR,JHENAIDAH,KHULNA
404471,MAHESHPUR,JHENAIDAH,KHULNA
404480,SHAILKUPA,JHENAIDAH,KHULNA
404712,BATIAGHATA,KHULNA,KHULNA
404717,DACOPE,KHULNA,KHULNA
404721,DAULATPUR,KHULNA,KHULNA
404730,DUMURIA,KHULNA,KHULNA
404740,DIGHALIA,KHULNA,KHULNA
404745,KHALISHPUR,KHULNA,KHULNA
404748,KHAN JAHAN ALI,KHULNA,KHULNA
404751,KHULNA SADAR,KHULNA,KHULNA
404753,KOYRA,KHULNA,KHULNA
404764,PAIKGACHHA,KHULNA,KHULNA
404769,PHULTALA,KHULNA,KHULNA
404775,RUPSA,KHULNA,KHULNA
404785,SONADANGA,KHULNA,KHULNA
404794,TEROKHADA,KHULNA,KHULNA
405015,BHERAMARA,KUSHTIA,KHULNA
405039,DAULATPUR,KUSHTIA,KHULNA
405063,KHOKSA,KUSHTIA,KHULNA
405071,KUMARKHALI,KUSHTIA,KHULNA
405079,KUSHTIA SADAR,KUSHTIA,KHULNA
405094,MIRPUR,KUSHTIA,KHULNA
405557,MAGURA SADAR,MAGURA,KHULNA
405566,MOHAMMADPUR,MAGURA,KHULNA
405585,SHALIKHA,MAGURA,KHULNA
405595,SREEPUR,MAGURA,KHULNA
405747,GANGNI,MEHERPUR,KHULNA
405760,MUJIB NAGAR,MEHERPUR,KHULNA
405787,MEHERPUR SADAR,MEHERPUR,KHULNA
406528,KALIA,NARAIL,KHULNA
406552,LOHAGARA,NARAIL,KHULNA
406576,NARAIL SADAR,NARAIL,KHULNA
408704,ASSASUNI,SATKHIRA,KHULNA
408725,DEBHATA,SATKHIRA,KHULNA
408743,KALAROA,SATKHIRA,KHULNA
408747,KALIGANJ,SATKHIRA,KHULNA
408782,SATKHIRA SADAR,SATKHIRA,KHULNA
408786,SHYAMNAGAR,SATKHIRA,KHULNA
408790,TALA,SATKHIRA,KHULNA
302602,ADABOR,DHAKA,DHAKA
302604,BADDA,DHAKA,DHAKA
302605,BANGSHAL,DHAKA,DHAKA
302606,BIMAN BANDAR,DHAKA,DHAKA
302607,BANANI,DHAKA,DHAKA
302608,CANTONMENT,DHAKA,DHAKA
302609,CHAK BAZAR,DHAKA,DHAKA
302610,DAKSHINKHAN,DHAKA,DHAKA
302611,DARUS SALAM,DHAKA,DHAKA
302612,DEMRA,DHAKA,DHAKA
302614,DHAMRAI,DHAKA,DHAKA
302616,DHANMONDI,DHAKA,DHAKA
302618,DOHAR,DHAKA,DHAKA
302621,BHASAN TEK,DHAKA,DHAKA
302622,BHATARA,DHAKA,DHAKA
302624,GENDARIA,DHAKA,DHAKA
302626,GULSHAN,DHAKA,DHAKA
302628,HAZARIBAGH,DHAKA,DHAKA
302629,JATRABARI,DHAKA,DHAKA
302630,KAFRUL,DHAKA,DHAKA
302632,KADAMTALI,DHAKA,DHAKA
302633,KALABAGAN,DHAKA,DHAKA
302634,KAMRANGIR CHAR,DHAKA,DHAKA
302636,KHILGAON,DHAKA,DHAKA
302637,KHILKHET,DHAKA,DHAKA
302638,KERANIGANJ,DHAKA,DHAKA
302640,KOTWALI,DHAKA,DHAKA
302642,LALBAGH,DHAKA,DHAKA
302648,MIRPUR,DHAKA,DHAKA
302650,MOHAMMADPUR,DHAKA,DHAKA
302654,MOTIJHEEL,DHAKA,DHAKA
302657,MUGDA PARA,DHAKA,DHAKA
302662,NAWABGANJ,DHAKA,DHAKA
302663,NEW MARKET,DHAKA,DHAKA
302664,PALLABI,DHAKA,DHAKA
302665,PALTAN,DHAKA,DHAKA
302666,RAMNA,DHAKA,DHAKA
302667,RAMPURA,DHAKA,DHAKA
302668,SABUJBAGH,DHAKA,DHAKA
302670,RUPNAGAR,DHAKA,DHAKA
302672,SAVAR,DHAKA,DHAKA
302673,SHAHJAHANPUR,DHAKA,DHAKA
302674,SHAH ALI,DHAKA,DHAKA
302675,SHAHBAGH,DHAKA,DHAKA
302676,SHYAMPUR,DHAKA,DHAKA
302680,SHER-E-BANGLA NAGAR,DHAKA,DHAKA
302688,SUTRAPUR,DHAKA,DHAKA
302690,TEJGAON,DHAKA,DHAKA
302692,TEJGAON IND. AREA,DHAKA,DHAKA
302693,TURAG,DHAKA,DHAKA
302694,UTTARA  PASCHIM,DHAKA,DHAKA
302695,UTTARA  PURBA,DHAKA,DHAKA
302696,UTTAR KHAN,DHAKA,DHAKA
302698,WARI,DHAKA,DHAKA
302903,ALFADANGA,FARIDPUR,DHAKA
302910,BHANGA,FARIDPUR,DHAKA
302918,BOALMARI,FARIDPUR,DHAKA
302921,CHAR BHADRASAN,FARIDPUR,DHAKA
302947,FARIDPUR SADAR,FARIDPUR,DHAKA
302956,MADHUKHALI,FARIDPUR,DHAKA
302962,NAGARKANDA,FARIDPUR,DHAKA
302984,SADARPUR,FARIDPUR,DHAKA
302990,SALTHA,FARIDPUR,DHAKA
303330,GAZIPUR SADAR,GAZIPUR,DHAKA
303332,KALIAKAIR,GAZIPUR,DHAKA
303334,KALIGANJ,GAZIPUR,DHAKA
303336,KAPASIA,GAZIPUR,DHAKA
303386,SREEPUR,GAZIPUR,DHAKA
303532,GOPALGANJ SADAR,GOPALGANJ,DHAKA
303543,KASHIANI,GOPALGANJ,DHAKA
303551,KOTALIPARA,GOPALGANJ,DHAKA
303558,MUKSUDPUR,GOPALGANJ,DHAKA
303591,TUNGIPARA,GOPALGANJ,DHAKA
303907,BAKSHIGANJ,JAMALPUR,DHAKA
303915,DEWANGANJ,JAMALPUR,DHAKA
303929,ISLAMPUR,JAMALPUR,DHAKA
303936,JAMALPUR SADAR,JAMALPUR,DHAKA
303958,MADARGANJ,JAMALPUR,DHAKA
303961,MELANDAHA,JAMALPUR,DHAKA
303985,SARISHABARI UPAZILA,JAMALPUR,DHAKA
304802,AUSTAGRAM,KISHOREGONJ,DHAKA
304806,BAJITPUR,KISHOREGONJ,DHAKA
304811,BHAIRAB,KISHOREGONJ,DHAKA
304827,HOSSAINPUR,KISHOREGONJ,DHAKA
304833,ITNA,KISHOREGONJ,DHAKA
304842,KARIMGANJ,KISHOREGONJ,DHAKA
304845,KATIADI,KISHOREGONJ,DHAKA
304849,KISHOREGANJ SADAR,KISHOREGONJ,DHAKA
304854,KULIAR CHAR,KISHOREGONJ,DHAKA
304859,MITHAMAIN,KISHOREGONJ,DHAKA
304876,NIKLI,KISHOREGONJ,DHAKA
304879,PAKUNDIA,KISHOREGONJ,DHAKA
304892,TARAIL,KISHOREGONJ,DHAKA
305440,KALKINI,MADARIPUR,DHAKA
305454,MADARIPUR SADAR,MADARIPUR,DHAKA
305480,RAJOIR,MADARIPUR,DHAKA
305487,SHIBCHAR,MADARIPUR,DHAKA
305610,DAULATPUR,MANIKGANJ,DHAKA
305622,GHIOR,MANIKGANJ,DHAKA
305628,HARIRAMPUR,MANIKGANJ,DHAKA
305646,MANIKGANJ SADAR,MANIKGANJ,DHAKA
305670,SATURIA,MANIKGANJ,DHAKA
305678,SHIBALAYA,MANIKGANJ,DHAKA
305682,SINGAIR,MANIKGANJ,DHAKA
305924,GAZARIA,MUNSHIGANJ,DHAKA
305944,LOHAJANG,MUNSHIGANJ,DHAKA
305956,MUNSHIGANJ SADAR,MUNSHIGANJ,DHAKA
305974,SERAJDIKHAN,MUNSHIGANJ,DHAKA
305984,SREENAGAR,MUNSHIGANJ,DHAKA
305994,TONGIBARI,MUNSHIGANJ,DHAKA
306113,BHALUKA,MYMENSINGH,DHAKA
306116,DHOBAURA,MYMENSINGH,DHAKA
306120,FULBARIA,MYMENSINGH,DHAKA
306122,GAFFARGAON,MYMENSINGH,DHAKA
306123,GAURIPUR,MYMENSINGH,DHAKA
306124,HALUAGHAT,MYMENSINGH,DHAKA
306131,ISHWARGANJ,MYMENSINGH,DHAKA
306152,MYMENSINGH SADAR,MYMENSINGH,DHAKA
306165,MUKTAGACHHA,MYMENSINGH,DHAKA
306172,NANDAIL,MYMENSINGH,DHAKA
306181,PHULPUR,MYMENSINGH,DHAKA
306188,TARAKANDA,MYMENSINGH,DHAKA
306194,TRISHAL,MYMENSINGH,DHAKA
306702,ARAIHAZAR,NARAYANGANJ,DHAKA
306704,SONARGAON,NARAYANGANJ,DHAKA
306706,BANDAR,NARAYANGANJ,DHAKA
306758,NARAYANGANJ SADAR,NARAYANGANJ,DHAKA
306768,RUPGANJ,NARAYANGANJ,DHAKA
306807,BELABO,NARSINGDI,DHAKA
306852,MANOHARDI,NARSINGDI,DHAKA
306860,NARSINGDI SADAR,NARSINGDI,DHAKA
306863,PALASH,NARSINGDI,DHAKA
306864,ROYPURA,NARSINGDI,DHAKA
306876,SHIBPUR,NARSINGDI,DHAKA
307204,ATPARA,NETRAKONA,DHAKA
307209,BARHATTA,NETRAKONA,DHAKA
307218,DURGAPUR,NETRAKONA,DHAKA
307238,KHALIAJURI,NETRAKONA,DHAKA
307240,KALMAKANDA,NETRAKONA,DHAKA
307247,KENDUA,NETRAKONA,DHAKA
307256,MADAN,NETRAKONA,DHAKA
307263,MOHANGANJ,NETRAKONA,DHAKA
307274,NETROKONA SADAR,NETRAKONA,DHAKA
307283,PURBADHALA,NETRAKONA,DHAKA
308207,BALIAKANDI,RAJBARI,DHAKA
308229,GOALANDA,RAJBARI,DHAKA
308247,KALUKHALI,RAJBARI,DHAKA
308273,PANGSHA,RAJBARI,DHAKA
308276,RAJBARI SADAR,RAJBARI,DHAKA
308614,BHEDARGANJ,SHARIATPUR,DHAKA
308625,DAMUDYA,SHARIATPUR,DHAKA
308636,GOSAIRHAT,SHARIATPUR,DHAKA
308665,NARIA,SHARIATPUR,DHAKA
308669,SHARIATPUR SADAR,SHARIATPUR,DHAKA
308694,ZANJIRA,SHARIATPUR,DHAKA
308937,JHENAIGATI,SHERPUR,DHAKA
308967,NAKLA,SHERPUR,DHAKA
308970,NALITABARI,SHERPUR,DHAKA
308988,SHERPUR SADAR,SHERPUR,DHAKA
308990,SREEBARDI,SHERPUR,DHAKA
309309,BASAIL,TANGAIL,DHAKA
309319,BHUAPUR,TANGAIL,DHAKA
309323,DELDUAR,TANGAIL,DHAKA
309325,DHANBARI,TANGAIL,DHAKA
309328,GHATAIL,TANGAIL,DHAKA
309338,GOPALPUR,TANGAIL,DHAKA
309347,KALIHATI,TANGAIL,DHAKA
309357,MADHUPUR,TANGAIL,DHAKA
309366,MIRZAPUR,TANGAIL,DHAKA
309376,NAGARPUR,TANGAIL,DHAKA
309385,SAKHIPUR,TANGAIL,DHAKA
309395,TANGAIL SADAR,TANGAIL,DHAKA
200304,ALIKADAM,BANDARBAN,CHITTAGONG
200314,BANDARBAN SADAR,BANDARBAN,CHITTAGONG
200351,LAMA,BANDARBAN,CHITTAGONG
200373,NAIKHONGCHHARI,BANDARBAN,CHITTAGONG
200389,ROWANGCHHARI,BANDARBAN,CHITTAGONG
200391,RUMA,BANDARBAN,CHITTAGONG
200395,THANCHI,BANDARBAN,CHITTAGONG
201202,AKHAURA,BRAHMANBARIA,CHITTAGONG
201204,BANCHHARAMPUR,BRAHMANBARIA,CHITTAGONG
201207,BIJOYNAGAR,BRAHMANBARIA,CHITTAGONG
201213,BRAHMANBARIA SADAR,BRAHMANBARIA,CHITTAGONG
201233,ASHUGANJ,BRAHMANBARIA,CHITTAGONG
201263,KASBA,BRAHMANBARIA,CHITTAGONG
201285,NABINAGAR,BRAHMANBARIA,CHITTAGONG
201290,NASIRNAGAR,BRAHMANBARIA,CHITTAGONG
201294,SARAIL,BRAHMANBARIA,CHITTAGONG
201322,CHANDPUR SADAR,CHANDPUR,CHITTAGONG
201345,FARIDGANJ,CHANDPUR,CHITTAGONG
201347,HAIM CHAR,CHANDPUR,CHITTAGONG
201349,HAJIGANJ,CHANDPUR,CHITTAGONG
201358,KACHUA,CHANDPUR,CHITTAGONG
201376,MATLAB DAKSHIN,CHANDPUR,CHITTAGONG
201379,MATLAB UTTAR,CHANDPUR,CHITTAGONG
201395,SHAHRASTI,CHANDPUR,CHITTAGONG
201504,ANOWARA,CHITTAGONG,CHITTAGONG
201506,BAYEJID BOSTAMI,CHITTAGONG,CHITTAGONG
201508,BANSHKHALI,CHITTAGONG,CHITTAGONG
201510,BAKALIA,CHITTAGONG,CHITTAGONG
201512,BOALKHALI,CHITTAGONG,CHITTAGONG
201518,CHANDANAISH,CHITTAGONG,CHITTAGONG
201519,CHANDGAON,CHITTAGONG,CHITTAGONG
201520,CHITTAGONG PORT,CHITTAGONG,CHITTAGONG
201528,DOUBLE MOORING,CHITTAGONG,CHITTAGONG
201533,FATIKCHHARI,CHITTAGONG,CHITTAGONG
201535,HALISHAHAR,CHITTAGONG,CHITTAGONG
201537,HATHAZARI,CHITTAGONG,CHITTAGONG
201541,KOTWALI,CHITTAGONG,CHITTAGONG
201543,KHULSHI,CHITTAGONG,CHITTAGONG
201547,LOHAGARA,CHITTAGONG,CHITTAGONG
201553,MIRSHARAI,CHITTAGONG,CHITTAGONG
201555,PAHARTALI,CHITTAGONG,CHITTAGONG
201557,PANCHLAISH,CHITTAGONG,CHITTAGONG
201561,PATIYA,CHITTAGONG,CHITTAGONG
201565,PATENGA,CHITTAGONG,CHITTAGONG
201570,RANGUNIA,CHITTAGONG,CHITTAGONG
201574,RAOZAN,CHITTAGONG,CHITTAGONG
201578,SANDWIP,CHITTAGONG,CHITTAGONG
201582,SATKANIA,CHITTAGONG,CHITTAGONG
201586,SITAKUNDA,CHITTAGONG,CHITTAGONG
201909,BARURA,COMILLA,CHITTAGONG
201915,BRAHMAN PARA,COMILLA,CHITTAGONG
201918,BURICHANG,COMILLA,CHITTAGONG
201927,CHANDINA,COMILLA,CHITTAGONG
201931,CHAUDDAGRAM,COMILLA,CHITTAGONG
201933,COMILLA SADAR DAKSHIN,COMILLA,CHITTAGONG
201936,DAUDKANDI,COMILLA,CHITTAGONG
201940,DEBIDWAR,COMILLA,CHITTAGONG
201954,HOMNA,COMILLA,CHITTAGONG
201967,COMILLA ADARSHA SADAR,COMILLA,CHITTAGONG
201972,LAKSAM,COMILLA,CHITTAGONG
201974,MANOHARGANJ,COMILLA,CHITTAGONG
201975,MEGHNA,COMILLA,CHITTAGONG
201981,MURADNAGAR,COMILLA,CHITTAGONG
201987,NANGALKOT,COMILLA,CHITTAGONG
201994,TITAS,COMILLA,CHITTAGONG
202216,CHAKARIA,COX'S BAZAR,CHITTAGONG
202224,COX'S BAZAR SADAR,COX'S BAZAR,CHITTAGONG
202245,KUTUBDIA,COX'S BAZAR,CHITTAGONG
202249,MAHESHKHALI,COX'S BAZAR,CHITTAGONG
202256,PEKUA,COX'S BAZAR,CHITTAGONG
202266,RAMU,COX'S BAZAR,CHITTAGONG
202290,TEKNAF,COX'S BAZAR,CHITTAGONG
202294,UKHIA,COX'S BAZAR,CHITTAGONG
203014,CHHAGALNAIYA,FENI,CHITTAGONG
203025,DAGANBHUIYAN,FENI,CHITTAGONG
203029,FENI SADAR,FENI,CHITTAGONG
203041,FULGAZI,FENI,CHITTAGONG
203051,PARSHURAM,FENI,CHITTAGONG
203094,SONAGAZI,FENI,CHITTAGONG
204643,DIGHINALA,KHAGRACHHARI,CHITTAGONG
204649,KHAGRACHHARI SADAR,KHAGRACHHARI,CHITTAGONG
204661,LAKSHMICHHARI,KHAGRACHHARI,CHITTAGONG
204665,MAHALCHHARI,KHAGRACHHARI,CHITTAGONG
204667,MANIKCHHARI,KHAGRACHHARI,CHITTAGONG
204670,MATIRANGA,KHAGRACHHARI,CHITTAGONG
204677,PANCHHARI,KHAGRACHHARI,CHITTAGONG
204680,RAMGARH,KHAGRACHHARI,CHITTAGONG
205133,KAMALNAGAR,LAKSHMIPUR,CHITTAGONG
205143,LAKSHMIPUR SADAR,LAKSHMIPUR,CHITTAGONG
205158,ROYPUR,LAKSHMIPUR,CHITTAGONG
205165,RAMGANJ,LAKSHMIPUR,CHITTAGONG
205173,RAMGATI,LAKSHMIPUR,CHITTAGONG
207507,BEGUMGANJ,NOAKHALI,CHITTAGONG
207510,CHATKHIL,NOAKHALI,CHITTAGONG
207521,COMPANIGANJ,NOAKHALI,CHITTAGONG
207536,HATIYA,NOAKHALI,CHITTAGONG
207547,KABIRHAT,NOAKHALI,CHITTAGONG
207580,SENBAGH,NOAKHALI,CHITTAGONG
207583,SONAIMURI,NOAKHALI,CHITTAGONG
207585,SUBARNACHAR,NOAKHALI,CHITTAGONG
207587,NOAKHALI SADAR,NOAKHALI,CHITTAGONG
208407,BAGHAICHHARI,RANGAMATI,CHITTAGONG
208421,BARKAL UPAZILA,RANGAMATI,CHITTAGONG
208425,KAWKHALI (BETBUNIA),RANGAMATI,CHITTAGONG
208429,BELAI CHHARI  UPAZI,RANGAMATI,CHITTAGONG
208436,KAPTAI  UPAZILA,RANGAMATI,CHITTAGONG
208447,JURAI CHHARI UPAZIL,RANGAMATI,CHITTAGONG
208458,LANGADU  UPAZILA,RANGAMATI,CHITTAGONG
208475,NANIARCHAR  UPAZILA,RANGAMATI,CHITTAGONG
208478,RAJASTHALI  UPAZILA,RANGAMATI,CHITTAGONG
208487,RANGAMATI SADAR  UP,RANGAMATI,CHITTAGONG
100409,AMTALI,BARGUNA,BARISAL
100419,BAMNA,BARGUNA,BARISAL
100428,BARGUNA SADAR,BARGUNA,BARISAL
100447,BETAGI,BARGUNA,BARISAL
100485,PATHARGHATA,BARGUNA,BARISAL
100490,TALTALI,BARGUNA,BARISAL
100602,AGAILJHARA,BARISAL,BARISAL
100603,BABUGANJ,BARISAL,BARISAL
100607,BAKERGANJ,BARISAL,BARISAL
100610,BANARI PARA,BARISAL,BARISAL
100632,GAURNADI,BARISAL,BARISAL
100636,HIZLA,BARISAL,BARISAL
100651,BARISAL SADAR (KOTWALI),BARISAL,BARISAL
100662,MEHENDIGANJ,BARISAL,BARISAL
100669,MULADI,BARISAL,BARISAL
100694,WAZIRPUR,BARISAL,BARISAL
100918,BHOLA SADAR,BHOLA,BARISAL
100921,BURHANUDDIN,BHOLA,BARISAL
100925,CHAR FASSON,BHOLA,BARISAL
100929,DAULAT KHAN,BHOLA,BARISAL
100954,LALMOHAN,BHOLA,BARISAL
100965,MANPURA,BHOLA,BARISAL
100991,TAZUMUDDIN,BHOLA,BARISAL
104240,JHALOKATI SADAR,JHALOKATI,BARISAL
104243,KANTHALIA,JHALOKATI,BARISAL
104273,NALCHITY,JHALOKATI,BARISAL
104284,RAJAPUR,JHALOKATI,BARISAL
107838,BAUPHAL,PATUAKHALI,BARISAL
107852,DASHMINA,PATUAKHALI,BARISAL
107855,DUMKI,PATUAKHALI,BARISAL
107857,GALACHIPA,PATUAKHALI,BARISAL
107866,KALAPARA,PATUAKHALI,BARISAL
107876,MIRZAGANJ,PATUAKHALI,BARISAL
107895,PATUAKHALI SADAR,PATUAKHALI,BARISAL
107897,RANGABALI,PATUAKHALI,BARISAL
107914,BHANDARIA,PIROJPUR,BARISAL
107947,KAWKHALI,PIROJPUR,BARISAL
107958,MATHBARIA,PIROJPUR,BARISAL
107976,NAZIRPUR,PIROJPUR,BARISAL
107980,PIROJPUR SADAR,PIROJPUR,BARISAL
107987,NESARABAD (SWARUPKATI),PIROJPUR,BARISAL
107990,ZIANAGAR,PIROJPUR,BARISAL
